ID,content,final label,original label
1,武汉不明原因肺炎系SARS病毒,1,1
2,白醋放在暖气片上可以消毒室内空气,1,1
3,勤洗手和戴口罩可以降低新型冠状病毒感染风险,2,2
4,吸烟可以预防非典，因为烟油可以阻挡病毒进入肺细胞,1,1
5,吃维生素C泡腾片能预防新型冠状病毒,1,1
6,放烟花爆竹可以消毒，预防瘟疫,1,1
7,这个玻璃装置是“隔离舱”，用它进行患者的隔离,1,1
8,北京协和医院有武汉肺炎患者出逃,0,1
9,口罩正确戴法：感冒时有颜色的朝外，没感冒反过来,1,1
10,山东即墨区发现疑似新型冠状病毒感染的肺炎病例,0,1
11,新型冠状病毒抗体能治疗和预防肺炎,1,1
12,支付宝提供了在武汉海鲜市场的支付数据,0,1
13,普通人出门要佩戴护目镜，防止新型冠状病毒侵入体内,1,1
14,戴多层口罩，才能有效预防新型冠状病毒,1,1
15,喝高度白酒、蒸桑拿，可以抵抗新型冠状病毒,1,1
16,武汉官方：在武汉上空开始播撒消毒粉液,0,1
17,武汉三口之家迪士尼游玩确诊新型冠状病毒肺炎,0,1
18,广东中医院制定出预防新型冠状病毒肺炎药方,1,1
19,钟南山院士建议盐水漱口防病毒,1,1
20,杭州医生提示：在人中涂风油精可有效预防呼吸道疾病,1,1
21,抗流感药物奥司他韦、利巴韦林能预防新型冠状病毒,1,1
22,武汉加油站停止营业,0,1
23,周杰伦去福州参加活动，自备隔离箱,0,1
24,新型冠状病毒与SARS入侵细胞的机制相同,2,2
25,湖北经视主持人记者戴口罩播报新闻,0,1
26,钟南山院士表示目前已有药物准备用于肺炎临床治疗,2,2
27,深圳49家医院可免费领口罩,0,1
28,武汉将断网，以禁止医务人员分享相关信息,0,1
29,湘雅医院搭帐篷，以安置从武汉来的病人,0,1
30,汉口全封闭汉阳强限制武昌弱限制,0,1
31,武汉“小汤山”将停工，重新选址,0,1
32,小磨香油滴在鼻孔，可以阻断一切的流感和瘟疫传染,1,1
33,新加坡抵杭州航班有2名乘客发烧，全体乘客被隔离,0,2
34,四川高速封路,0,1
35,口罩用完后应高温或酒精消毒再染色，防止回收出售,2,2
36,武汉市第四医院武胜路院区急诊停诊,0,1
37,新加坡拒绝超过116名来自武汉的旅客入境,0,1
38,吃香蕉会得新型冠状病毒肺炎,1,1
39,N95口罩也是需要4个小时一换,1,0
40,抗艾滋药物洛匹那韦利托那韦片可有效治疗武汉肺炎,0,0
41,钟南山院士被传染,0,1
42,大蒜咬碎后嘴里含一会儿，胜过杀病毒的口腔药物,1,1
43,西安一名新型肺炎患者从医院逃离,0,1
44,湖北新华医院耳鼻喉科医生梁武东因感染新冠肺炎去世,0,0
45,新型冠状病毒肺炎定名为SARI,1,1
46,北京高速为防控疫情封路“只出不进”,0,1
47,湖南长沙：发现武汉牌照车辆就拨打疾控中心电话,0,1
48,上海目前除沪牌不让外地车进上海,0,1
49,钟南山院士建议：全中国人民在家隔离两周,0,1
50,浙BL0535车上人员感染病毒正前往某地,0,1
51,青岛市内公交将停运，酒店不接待大型宴会,0,1
52,带呼吸阀的N95口罩对新型冠状病毒没有防护作用,1,1
53,一香港人在南京鼓楼医院因新冠肺炎去世,0,1
54,养猫养狗能抗新型冠状病毒肺炎,1,1
55,多吃草莓可以预防新型冠状病毒肺炎,1,1
56,新型冠状病毒是SARS病毒的进化,1,1
57,维C可以预防新型冠状病毒肺炎,1,1
58,家养的宠物会传染新型冠状病毒流传,0,0
59,风油精能抑制病毒感染,1,1
60,新型冠状病毒在潜伏期会传染,2,2
61,大部分新型肺炎患者只需2-4周就可被治愈,2,2
62,大蒜水可以治好冠状病毒肺炎，要多喝大蒜水,1,1
63,杭州封城防控新型肺炎,0,1
64,打开家里空调和取暖器，室温增高到30度能抗肺炎,1,0
65,吃辣椒能降低新型冠状病毒肺炎死亡风险,1,1
66,武汉至上海旅游的5人入住建国宾馆并全部感染,0,1
67,乳铁蛋白能预防新型冠状病毒,1,1
68,泰国移民局发文，不想回国的最长可给予2个月续签,0,1
69,南京要封城停公交出租,0,1
70,26日晚央视新闻，白岩松将邀请钟南山院士介绍疫情,0,1
71,阿司匹林能有效延缓新冠肺炎病情,1,1
72,将有6万武汉人员从境外来杭,0,1
73,浙江27日起高速封路,0,1
74,成都因新型冠状病毒肺炎调整公交线路营运安排,0,1
75,花菇中的多糖能增强人体免疫力，对抗新型冠状病毒,1,1
76,新型冠状病毒已经混合在空气里，一旦呼吸就会致病,1,1
77,二氧化氯消毒剂可以用于消毒,2,2
78,喝红酒能抵抗新型冠状病毒，延缓病情发展,1,1
79,非典是美国专门针对中国的生物战，是种族灭绝计划,1,1
80,多喝60度的开水能预防新型肺炎,1,1
81,用高浓度白酒喷洒房间可以预防新型冠状病毒,1,1
82,用了7天的N95口罩用吹风机吹或酒精消毒可继续用,1,1
83,新型冠状病毒在2018年就被发现了,1,1
84,病毒喜欢0度湿冷环境，空调开到20度就死亡,1,1
85,95%的酒精比75%的酒精消毒效果更好,1,1
86,医用紫外线灯能消灭新型冠状病毒,2,2
87,多洗热水澡可以预防新型冠状病毒肺炎,1,1
88,海鲜会传染新型冠状病毒,1,1
89,北京超市、菜市场要关门一周,0,1
90,日本派遣1000人医疗队前往武汉,0,1
91,新型冠状病毒会通过现金纸币传播，外出不要收现金,1,0
92,喷嚏可打8米远，病毒可悬浮24小时,0,0
93,28日黑龙江高速因抗击新冠肺炎疫情大范围封闭,0,1
94,1月29日成都封城，出城高速封闭,0,1
95,大蒜和冰糖一起煮水喝可以预防治疗新型冠状肺炎,1,1
96,白藜芦醇可以治疗预防新型冠状病毒,1,1
97,接触沾染了病毒的物品属于接触传播，也可能感染病毒,2,2
98,握手、拥抱也可能传播新型冠状肺炎病毒,2,2
99,咳嗽药水“沐舒坦”能治疗新冠肺炎,0,0
100,一个武汉女人终结了法国大罢工，法国人都去抢口罩了,0,1
101,1月29日知网可以免费下载论文,0,1
102,武大人民医院医生提醒：29、30号两天是爆发期,1,1
103,成都两名高度疑似感染者私自离开华西医院,0,1
104,万金油可以预防病毒,1,1
105,玉屏风颗粒对新型肺炎有效,0,0
106,用棉布、保鲜膜、纱布自制口罩，可预防新冠病毒感染,1,0
107,武汉红十字会售卖山东寿光捐赠的蔬菜,0,1
108,花露水酒精含量70-75%，能有效预防新冠病毒,1,0
109,口罩水蒸过晒干、喷酒精、紫外线灯照射后可以再用,1,0
110,亚洲人更容易感染新型冠状病毒,1,1
111,海关代表国家征收邮寄的口罩,0,1
112,1月30日传拿介绍信可到武汉市红十字会领取物资,0,1
113,武汉第九医院：疫情期间，不能外出散步，小心被传染,1,1
114,出现流鼻涕和咳痰，不可能是新型冠状病毒肺炎,1,1
115,新型冠状病毒会通过血液传播,0,0
116,苏州市立医院一产妇感染新型冠状病毒,0,1
117,南京自来水采用上限标准加氯消毒,0,1
118,吃糖会降低身体免疫力，导致易感染病毒,0,0
119,用浴霸灯照射半小时可以去除病毒,1,0
120,广州市民30日晚8点可用“穗康”小程序预约买口罩,0,2
121,别吃鱼肉，特别是草鱼做的酸菜鱼水煮鱼，会感染病毒,1,1
122,用过的口罩放到消毒柜里消毒，可以继续防护新型肺炎,1,1
123,眼神对视会传染新型冠状病毒,1,1
124,武汉大学省人民医院发热门诊可做核酸试验检测不排队,0,1
125,特殊时期多喝陈皮水，陈皮能预防和治疗新型冠状病毒,1,1
126,吃阿奇霉素片可以预防新型冠状病毒,1,1
127,藿香正气药物可治疗新型冠状病毒肺炎,0,0
128,双黄连口服液可抑制新型冠状病毒,0,0
129,中草药洗液“洁尔阴”预防非典是良方,0,0
130,挂烫机喷出的蒸汽可用于衣物消毒杀菌,1,1
131,口含姜片出门可以预防新型冠状病毒肺炎,1,1
132,中成药双黄连口服液可抑制新型冠状病毒,0,0
133,国家一级响应：出租房2月免租，3、4月份免租半月,0,0
134,remdesivir可治疗新型冠状病毒肺炎,0,0
135,金银花和绿茶能防控新冠病毒感染,1,1
136,童子尿可以预防新型冠状病毒,1,1
137,德国采用雾化手段治愈4例新冠肺炎患者,0,1
138,中央决定暂免武汉红十字会救灾物资管理工作,0,1
139,戴过的口罩放进烤箱，60℃烤30分钟，可以反复用,0,0
140,新型冠状病毒感染者粪便里检测出核酸阳性,0,2
141,乳酸菌素片可以治疗新型冠状病毒肺炎,1,1
142,直升飞机冲破封锁线，电影一样，直达武汉,0,1
143,上海一居民家爆炸，因女的烧菜，男的做家务喷洒酒精,0,1
144,震惊哈佛大学教授：新型冠状病毒诞生于人为基因改造,1,1
145,24℃下，新型冠状病毒在痰尿等物体上能存活好几天,0,0
146,2月3日开始，上海市各医院实名制进院，包括家属,0,1
147,国务院通知任何平台不得销售口罩,0,1
148,特朗普同意将新冠肺炎潜在有效药瑞德西韦专利豁免,0,1
149,新型冠状病毒插入的基因片段是精心选择，是人工病毒,1,1
150,泰国找到了新型冠状病毒特效药,0,0
151,喷洒环保酵素可以杀毒抑菌,1,1
152,中央空调存在传播新型冠状病毒的可能性,2,2
153,市面上常见的X露XX士消毒液可以消灭新型冠状病毒,0,0
154,2月4日起，福州将实施预约摇号购买口罩,0,1
155,把饭做熟病毒就会被杀死,2,2
156,老盛昌包子铺老板确诊新型冠状病毒被送医院,0,1
157,李兰娟院士说谈恋爱可以预防新型冠状病毒肺炎,1,1
158,2月4日成都市民可在天府市民云APP预约领取口罩,0,1
159,2月3日起北京1000个药房每天投放300万口罩,0,1
160,定期用生理盐水清洗鼻子可以预防新型冠状病毒,1,1
161,天津一男子喷酒精消毒后开车抽烟引发燃烧,0,1
162,蝙蝠最怕高温，请把喝的开水滚开的汽吸下去，能解毒,1,1
163,养宠物的家庭不会感染新型冠状病毒,1,1
164,高温能杀病毒，让病人发烧到39.6度以上就能痊愈,1,1
165,出门回来后，一定要对鞋喷洒消毒水或把鞋放在门外,1,0
166,别迷信核酸检测，应用CT影像作为新冠肺炎确诊标准,0,0
167,84消毒液与酒精混用会降低消毒效果,2,2
168,消毒时，84消毒液与酒精不可混用，会产生氯气,1,0
169,03年香港淘大花园42人感染非典因下水道传播病毒,0,0
170,下水道有传染新型冠状病毒风险,0,0
171,有证据认为蚊子苍蝇可以传播新型冠状病毒,1,1
172,钟南山院士在机场亲自迎接吉利德公司老总,0,1
173,楼上扔烟头，楼下正在酒精消毒，导致火灾,0,1
174,使用酒精消毒，别往空气中喷，也别随便往自己身上喷,2,2
175,三天后武汉所有超市、药店关门,0,1
176,周边部队开始集结10号疫情不好转，解放军接管武汉,0,1
177,口罩接水不渗水，说明能抵抗新型冠状病毒肺炎,1,1
178,湖北仙桃开来的轿车上有人被测出高温后逃跑,0,1
179,新风系统会传播病毒，导致感染新型冠状病毒肺炎,1,1
180,适量饮酒可以抵抗新型冠状病毒,1,1
181,红糖、生姜、大葱白和大蒜熬水喝，不会感染新冠病毒,1,1
182,防溢乳垫贴在非医用一次性口罩上能过滤病毒,1,1
183,美国选择货机撤侨，是给中国送防疫物资,0,1
184,美国医生援助中国前集体祷告,0,1
185,预防肺炎的疫苗能防止新型冠状病毒感染,1,1
186,纸尿裤材料被征用去做口罩，很多纸尿裤厂家已停产,1,1
187,母猪开口说话，说吃煮鸡蛋能预防疫情,1,1
188,吸入病毒携带者的二手烟可能会感染新型冠状病毒,2,2
189,大量喝水能预防新型冠状病毒感染,1,1
190,吃槟榔可以预防新型冠状病毒感染,1,1
191,武汉火神山医院是日本人设计的,0,1
192,卫生巾作口罩用，或将卫生巾贴在口罩外可以防病毒,1,1
193,长沙市天心区一失足女确诊感染病毒，并接触9人,0,1
194,瑞德西韦生效，17-40小时病人好转90%以上,1,1
195,开窗通风会把病毒带进家，引发新冠肺炎,1,1
196,顺丰、邮政、京东快递2月7日起停运,0,1
197,哈佛医学院为李文亮医生降半旗致哀,0,1
198,收快递、外卖会感染新型冠状病毒,1,0
199,吃水果蔬菜会感染新型冠状病毒,1,1
200,已找到破解病毒的离子技术，自制铜甘斯水可预防病毒,1,1
201,口罩嘴巴处垫一张对折纸巾，可以延迟口罩的使用时间,1,1
202,气溶胶传播恐怖，不和患者见面吸入空气中病毒就感染,1,0
203,电吹风强档对面罩、面部和手部吹30秒就能消毒,1,1
204,“猪场同款”消毒通道，可以有效预防新型冠状病毒,1,1
205,中国政府为控制疫情要杀2万人,1,1
206,二氧化氯稀释后放进加湿器，可以有效预防新冠肺炎,1,0
207,武汉古田四路佳兴园，酒精全屋消毒后开空调引起爆炸,0,1
208,穿山甲是新型冠状病毒的中间宿主,0,0
209,钟南山：已经挺过一个14天，7号开始第二个14天,0,1
210,季铵盐类消毒剂苯扎氯铵(洁尔灭）能灭活新冠病毒,1,1
211,瑞德西韦的副作用比化疗严重，杀敌八百自损一千,1,1
212,白酒放冰箱冷冻室能制作75%的酒精,1,1
213,复方甲酚皂能杀死新冠肺炎病毒,1,1
214,用吹风机最高档吹口罩30分钟可以消毒,1,1
215,春节假期再次延长至2月20日,0,1
216,钟南山推荐的防疫凉茶能预防新型冠状病毒,1,1
217,新冠病毒欺骗性强，治疗时表面转阴，但不产生抗体,1,1
218,对口罩喷酒精消毒后可以反复使用,1,0
219,口罩放到玻璃瓶里用开水煮十分钟消毒后可以反复使用,1,1
220,无症状患者也可以传播新型冠状病毒,2,2
221,抗生素能有效预防和治疗新型冠状病毒,1,1
222,南京全市主干道今晚12点进行大面积消杀,0,1
223,南京市乘坐公共交通工具要带身份证,0,1
224,澳洲华人捐赠的物资“乘专机”返华,0,1
225,山东兰陵县146万人无一感染，因其为大蒜种植区,1,1
226,成都每户家庭每两天只可安排一人外出买东西,0,1
227,李文亮医生生前视频曝光,0,1
228,成都乘坐公共交通工具需要身份证,0,1
229,气溶胶多在ICU因呼吸机等操作产生，一般环境罕见,2,2
230,电动口罩可以预防新型冠状病毒,1,0
231,新型冠状病毒会通过气溶胶传播,0,0
232,北京乘坐公交地铁要看身份证,0,1
233,公共厕所常见的干手器能在30秒内杀死新型冠状病毒,1,1
234,新型冠状病毒属于SARS冠状病毒,1,1
235,为了降低气溶胶传播几率，应该把二氧化氯放进加湿器,1,1
236,外国人去过公厕就感染，机场车站公厕高风险，别去,0,0
237,吃猪肉会感染新型冠状病毒,1,1
238,可以通过防水与否鉴别口罩的真假,1,1
239,哈佛八剑客、李开复、庄晓莹集体回国援助武汉,0,1
240,济南市2月10日晚上12点大面积消杀、消毒,0,1
241,2月9、10日晚，广州采取雾炮，对全城进行大消杀,0,1
242,用纸尿裤（尿不湿）制作口罩可防护新型冠状病毒感染,1,1
243,深呼吸后屏气5-10秒，如果没咳嗽，说明没有肺炎,1,1
244,美国的抗病毒药瑞德西韦用在临床病人身上十分有效，危重病人已经开始好转，中西医支持联合用药，治愈病人完全有信心,1,1
245,钟南山：新冠肺炎治愈后会留后遗症，比SARS严重,1,1
246,闻洋葱能预防新型冠状病毒肺炎,1,1
247,非上海户籍不再列入新增确诊病例中,0,1
248,益生菌能防治新型冠状病毒肺炎,1,1
249,印尼因为费用太高不对回国学生检测,0,0
250,用火烧不着的口罩是真口罩,1,1
251,新型冠状病毒肺炎是自限性疾病,2,2
252,松茸蘑菇能预防新型冠状病毒,1,1
253,塑料袋装水堵地漏，能防止气溶胶传播病毒,1,1
254,苏州一企业提前开工员工确认感染，隔离200余人,0,1
255,口罩放到烤箱烤30分钟后还可以继续使用,1,0
256,三价银离子抗菌液能抑制新型冠状病毒,0,0
257,99.7%的无水乙醇可以稀释到75%后作消毒用,2,2
258,雄黄可以杀死新型冠状病毒,1,1
259,钟南山亲自送女儿援助湖北,0,1
260,拔头两侧的白发可以防治新型冠状病毒肺炎,1,1
261,钟南山称赞吃牛羊肉的蒙古同胞身体好,1,1
262,湖北随州一家人因染病厌世从27楼往下撒钱,0,1
263,武汉火神山医院3万月薪招保洁员,0,1
264,左氟沙星眼药水可以防止新冠病毒从眼部进入,1,1
265,男性精液能抑制新型冠状病毒,1,1
266,阴雨天和大雾天会增加新冠病毒感染风险,0,0
267,每15分钟喝一口水保持喉咙湿润可预防新型冠状病毒,1,1
268,肺部自测：憋气50秒以上，肺功能强大,1,1
269,进门前把衣物放到整理箱密封，4小时后细菌就死透了,1,1
270,吃野菜会感染新型冠状病毒,1,1
271,网上流传的“日本冠状病毒防疫指南”是日本官方指南,0,1
272,武汉男子口罩喷酒精戴，坐电梯遇84消毒瞬间死亡,1,1
273,钟南山团队研究表明，吸烟者病毒感染率远低于非烟民,1,1
274,甘草酸二铵＋维生素C＋芦丁片可以缓解新冠肺炎,0,0
275,天气暖和从南方回归北方的鸟会带回病毒，感染人类,1,0
276,疫情大爆发，上海新增确诊病例三千多例,0,1
277,准备15个口罩，一天一个，用完密封，可以循环使用,1,0
278,含有抗菌成分的肥皂比普通肥皂有效,1,1
279,因为喝马黛茶，阿根廷人很少得传染病,1,1
280,香囊可以预防新型冠状病毒,1,1
281,浙江一新生儿取名为“戴口罩”,0,1
282,戴隐形眼镜会增加感染新冠病毒的几率,1,1
283,2月16日温州市居民出行正常化,0,1
284,新冠病毒康复者的血浆能有效治疗重症患者,0,0
285,等离子空气消毒机可以杀灭新型冠状病毒,0,0
286,煮好的花椒水可以医治新型冠状病毒肺炎,1,1
287,疫情期间吃水果必须削皮,1,1
288,湖北产的大米上可能有新型冠状病毒,1,1
289,共用水银腋下体温针会造成交叉传染,1,1
290,穿防静电服能隔绝新型冠状病毒,1,1
291,澳洲斥资20亿澳元专门开发新冠肺炎疫苗,0,0
292,印度南部新冠肺炎大爆发，几十人确诊数千人隔离,0,1
293,美国华裔专家的“自救措施”能治疗新型冠状病毒肺炎,1,1
294,卫生间排气扇形成的负压会把下水管的病菌抽在空气里,1,0
295,化橘红可以缓解新型冠状病毒肺炎症状,0,0
296,沉香可以预防新型冠状病毒,1,1
297,下雪天不要玩雪，会感染新型冠状病毒,1,1
298,2月17日起至疫情防控结束全国高速所有车免费通行,0,2
299,艾叶和艾灸可以杀毒除菌，预防新型冠状病毒肺炎,0,0
300,多喝热水姜汤、运动、盖被子、晒太阳能预防新冠病毒,1,1
301,大家可以用室内臭氧去杀死新型冠状病毒,1,1
302,武汉病毒所女研究生黄燕玲是新冠肺炎零号病人,0,1
303,燕窝可以提升免疫系统，预防新型冠状病毒,1,1
304,“追殡葬车哭着喊妈妈”的女孩去世了,0,1
305,别吃淡水鱼！确认粪口传播，很多地方在鱼塘洗便桶,1,1
306,灵芝可以预防新型冠状病毒,0,0
307,鱼腥草可以预防和治疗新型冠状病毒肺炎,1,1
308,新型冠状病毒会通过眼结膜传染,0,0
309,在口罩中间垫上餐巾纸可以有效阻断新冠病毒,1,1
310,华南海鲜市场供货商徐翠芹发文忏悔,0,1
311,杨桃叶子泡水喝能预防新型冠状病毒,1,1
312,威士忌加蜂蜜加开水对抗新冠肺炎有效,1,1
313,磷酸氯喹是治疗新冠肺炎的特效药,0,0
314,轻症患者手粘唾液触碰眼口鼻会转化为重症,1,1
315,胡柚能治疗新型冠状病毒肺炎,1,1
316,疫情期间从医院等地回收的现金将直接被销毁,0,0
317,毛桃根可抗新型冠状病毒,1,1
318,重楼可以抑制新型冠状病毒,0,0
319,温州出现新病毒，490例里40%是全新变异的病毒,0,1
320,成都、宁波、福州等地学校将于3月2日开学,0,1
321,新型冠状病毒损伤肾脏和睾丸，因此会影响生育,0,0
322,中国要满足28天无新增病例的摘帽规则才能启动复航,0,1
323,自来水采用上限标准加氯消毒，用水时最少静置两小时,0,1
324,蜂毒（蜂针和蜂毒注射液治疗）能抑制新型冠状病毒,1,1
325,买回家的蔬菜必须用75%的酒精消毒,1,1
326,国家发口罩钱了，微信医疗健康每日都能领福利,0,0
327,流行性传染病暴发后，找到零号病人至关重要,0,0
328,新型冠状病毒是由实验室制造的生物武器,1,1
329,视频：钟南山看望林正斌教授，林教授哀求：救救我,0,1
330,牛蛙、甲鱼等已被列入禁食名单,1,1
331,江苏省内所有卡点于2月20日晚全部拆除,0,1
332,武汉长江大桥燃放烟花驱疫,0,1
333,钟南山预测：3月10日后各地将陆续解除限制,0,1
334,土霉素对新型冠状病毒肺炎治疗有效,1,1
335,柬埔寨首相洪森确诊新冠肺炎,0,1
336,闻到新冠肺炎患者的屁，就会感染新冠病毒,1,0
337,全国30个省市疫情结束倒计时已正式公布,0,1
338,新型冠状病毒能通过皮肤侵入人体,1,1
339,使用二氧化氯贴片能预防新型冠状病毒，且无毒无害,1,0
340,外出检测体温，最好测手腕！ 红外线测温仪伤害眼睛,1,0
341,循环使用的地铁票会传播病毒,1,0
342,病毒会沾在头发上，每次外出回家都需要洗头,1,0
343,知网限时免费赠送论文查重券,0,1
344,日媒：美疾控2月14日称部分流感患者死于新冠肺炎,0,1
345,美国14000多流感死亡者部分死于新冠肺炎,0,1
346,核酸检测结果阴性不能排除新型冠状病毒感染,2,2
347,建设火神山医院的工人要结算工资了，许多人坚决不要,0,0
348,10年前陈国生就预测预言了新冠肺炎的爆发,1,1
349,俄罗斯科学家验证新冠病毒为人工合成病毒,1,1
350,国家要求全部房东的出租行为，全部减免租金,0,0
351,网上团购的生鲜食物会携带新冠病毒,1,1
352,一次性口罩垫片可以起到防护作用,2,0
353,钟南山：至今确诊一万多例，无一素食者感染新冠病毒,1,1
354,广州水投集团内部员工对话泄露：自来水数倍加氯,0,1
355,武汉两名新冠肺炎患者治愈后复发,0,1
356,武汉一小区因团购导致30多人感染新冠肺炎,0,1
357,武汉中心医院急诊科主任艾芬感染新冠肺炎去世,0,1
358,研究发现新冠病毒的源头不是华南海鲜市场,2,2
359,京东物流司机感染新冠病毒后死在车里,0,1
360,北京通报的新冠肺炎病人不含外地人,0,1
361,视频：江西赣州解禁第四天赶集，多人未戴口罩,0,2
362,2月25日-3月10日武汉所有商店关门,0,1
363,美国吹哨人爆料美国新冠肺炎感染者已超1000例,0,1
364,接触到新冠肺炎患者的汗水就会感染新冠病毒,1,0
365,有CN95认证的车可以防病毒,1,0
366,使用光催化设备能有效预防新型冠状病毒感染,1,0
367,新冠病毒会像流感病毒一样季节性爆发,0,0
368,2月24日温州爆发新冠肺炎疫情，多人感染,0,1
369,国家体育总局下发4月30日前禁止办赛通知,0,1
370,盘龙城美府明苑一女士为了出去买点肉，从十楼爬下来,0,0
371,新冠肺炎疫情在美国早已爆发，美国还没缓过神来,0,0
372,斯洛伐克总理彼得·佩列格里尼感染新冠肺炎,0,1
373,武汉西马街养老院120个老人全感染新冠肺炎,0,1
374,北京积水潭医院要建方舱医院,0,1
375,口服新型冠状病毒疫苗研发成功,1,1
376,对新冠肺炎患者，低分子肝素可以有效治疗血栓,1,0
377,深圳一“新冠肺炎已治愈患者”闯地铁致安检员被隔离,0,2
378,日本除菌卡（消毒卡）挂身上能预防新型冠状病毒,1,0
379,喝单枞茶可以预防新冠肺炎,1,1
380,洋葱可以吸附新冠病毒,1,1
381,陕西甘肃湖南的村民在公园闲逛被要求背防疫手册,0,1
382,湖北天门将外省捐赠的萝卜倒入垃圾站,0,1
383,人民大会堂一人一桌招待世卫组织客人,0,1
384,韩国人去青岛躲避疫情导致航班爆满，入境不用被隔离,0,1
385,河南方中山胡辣汤店被勒令关门,0,1
386,疫情期间橘子不能边剥边吃,1,1
387,苦木注射液对新冠肺炎的治疗有效,0,0
388,喝茶能有效预防新型冠状病毒肺炎,1,1
389,美国疾控中心确认新冠病毒源头是美国,1,1
390,成龙感染新型冠状病毒肺炎被隔离,0,1
391,狗能感染新型冠状病毒,0,0
392,急救改用吸痰机，武汉疫情一天死亡人数减半,1,1
393,鸡屎藤能预防新型冠状病毒,1,1
394,韩国人坐飞机到达成都，仅量体温就放行，不隔离,0,1
395,伊朗副总统确诊新冠肺炎后，政府官员不戴口罩探望,0,1
396,可以确定美国病毒是5株，中国2株，伊朗和美国一样,1,1
397,美国的电子烟肺炎是新型冠状病毒导致,1,1
398,新冠病毒家庭版试剂盒上市，在家指尖采血就可以测,1,1
399,台湾专家：根据一篇论文可以得出新冠病毒源头是美国,1,1
400,穴位注射苯酚疗法对新冠肺炎治疗有效,0,0
401,物美员工出现群体性发热，涉及北京7家门店,0,1
402,湖南益阳确定一新冠肺炎病例，传播者接触790人,0,1
403,河南省正式公布各市县区疫情等级名单,0,1
404,大批华侨包机从国外回安徽避难,0,1
405,熔喷布燃烧无烟无焦，据此可以区分口罩真假,1,1
406,一封来自武大女博士新冠肺炎的遗书,0,1
407,意大利尤文图斯俱乐部有三名球员感染新冠病毒,0,1
408,湖北黄冈村民误服二氧化氯消毒片,0,2
409,可以通过褶皱方向、鼻夹或耳带来判断口罩正反面,2,0
410,青蒿素可以治疗新型冠状病毒肺炎,0,0
411,C罗可能感染新冠病毒被送医,0,1
412,韩国16名护士因新冠肺炎疫情集体辞职,0,1
413,疫情期间可以通过大强度锻炼提高抵抗力,1,1
414,中国女子给美国捐赠20万只口罩后获得绿卡,0,1
415,用烟草能研发出新冠肺炎疫苗,0,0
416,降压药会加重已感染新冠病毒的高血压患者病情,1,1
417,降压药会增加高血压患者感染病毒的风险,0,0
418,安宫牛黄丸可预防新冠肺炎,0,0
419,日本厂家推出一体化防护头盔,1,1
420,意大利零号病人无中国旅居史，是去美国度假后被感染,0,1
421,花岗岩能预防新冠肺炎感染,1,1
422,钟南山近日出征欧洲，指导其他国家抗击疫情,0,1
423,腾讯课堂给违反纪律的学生发短信，要求交纳罚款,0,1
424,宠物狗会传播新型冠状病毒,0,0
425,教育部确定今年高考延期至6月26日举行,0,1
426,意大利86人因新冠肺炎被隔离在妓院里14天,0,1
427,支援武汉的上海52岁男医生感染新冠肺炎去世,0,1
428,名字里带“氯”的消毒剂就是含氯消毒剂,1,0
429,新冠病毒会在夏季自行消失,0,0
430,湖北产地的水果不能吃,1,1
431,政府已通告荆州将于3月10号解封复工,0,1
432,李跃华夫妇受韩国邀请前往抗疫，代表国家出征邻国,0,1
433,北医三院曾海基：中医治疗新冠肺炎320例无一死亡,1,1
434,每天用肥皂洗鼻窦可以降低感染肺炎风险,1,1
435,上海港汇恒隆广场被封，确诊一例，意大利人！,0,1
436,上海虹口足球场成为集中隔离点,0,1
437,钟南山最新预测：五年后人民体质下降，养生现在做起,0,0
438,上海市政府：3月16日居民出行正常化，17日公交正常,0,1
439,中国驻韩国使馆3月份暂停办理中国护照,0,1
440,中国禁止医用口罩出口流,0,1
441,新冠肺炎患者的母乳中有新冠病毒,0,0
442,吴好运于泉州欣佳宾馆隔离期间死亡，没躲过追杀,0,1
443,新冠病毒能在康复者体内存留数周但传染力变弱,0,0
444,武汉天河机场复航日期已确定,0,1
445,3月16日起天津恢复尾号限行,0,1
446,抗病毒药阿昔洛韦能有效预防新冠肺炎,1,1
447,里皮：中国下决心做一件事时执行力很强，除了足球,0,1
448,政府通告：3月11日起南阳市全面恢复生产生活秩序,0,2
449,中国捐助日本的检测试剂盒被美国强行拦截，已经用完,0,1
450,新冠肺炎治愈1-2年不能接触，正常人接触会被传染,1,1
451,新型冠状病毒和乙肝病毒一样,1,1
452,合格的口罩会吸附大量纸屑，反之就是不合格的口罩,1,1
453,戴口罩可以吹灭蜡烛打火机火苗，说明口罩不合格,1,1
454,NBA官方确认暂停2019-2020赛季,0,2
455,汤姆·汉克斯宣布他和妻子感染新冠病毒,0,2
456,上海3月16日起出行正常化，4月6日起陆续开学,0,1
457,意大利新冠疫情严重，军方动用坦克封城,0,1
458,湖南汨罗新增19例新冠肺炎患者,0,1
459,意大利大使馆防疫物资采购清单流出,0,1
460,武汉青山区某隔离点有32名因疫情失去监护人的孤儿,0,1
461,巴西总统博索纳罗确诊新冠肺炎,0,1
462,意大利卫生部长感染新型冠状病毒去世,0,1
463,马来西亚巫师病床作法抓新冠病毒后遭隔离,0,1
464,武汉一家五口因发热瞒报被送医,0,1
465,北京一名代购韩国扫货回国后不隔离,0,1
466,连云港市东海县境外回国人员确诊新冠肺炎,0,1
467,C罗买下了一座小岛暂住，以隔离新冠病毒,0,1
468,视频：特朗普感染新冠肺炎，演讲时晕倒，副总统接任,0,1
469,日本医生建议：大量喝水保持喉咙湿润，预防新冠病毒,1,1
470,布鲁塞尔地铁一男子舔手后把口水抹在车厢扶手上,0,2
471,《老人报》八年前预测新型冠状病毒会输入爆发,1,1
472,石正丽警告：对疫情不必太乐观，蚊虫或成第三宿主,1,1
473,市政府会仪（议）精神：3月22日可点对点返鄂返汉,0,1
474,A型血更易感染新冠肺炎，O型血不易感,0,0
475,NBA球员欧文等三人新冠病毒检测结果呈阳性,0,1
476,援鄂医务人员均可获一枚纪念章，全家终生免费游湖北,0,0
477,如果身边朋友同事得过新冠肺炎，今后两年绝不能接触,1,1
478,因带宽压力，欧盟敦促网飞等平台停止提供高清视频,0,2
479,西班牙生物学家：C罗梅西收入高，找他们要疫苗,0,1
480,武汉殡仪馆招募义工，工资日结，4000元/晚,0,1
481,斯坦福大学：能憋气10秒就没感染新冠病毒,1,1
482,美国启用10艘医疗舰驶入纽约港，收治新冠肺炎病人,0,1
483,广州“女毒王”照片曝光，戴墨镜在国外游玩,0,1
484,中国球员武磊在西班牙确诊感染新冠病毒,0,2
485,受疫情影响，游客减少，威尼斯出现天鹅和海豚游泳,0,1
486,通知：全国的国际航班一律全部由上海承担飞行,0,1
487,美国24小时内搭建180座野战医院，遍布美国各地,0,1
488,为让民众在家隔离，普京在街上放了800只狮子老虎,0,1
489,德国总理默克尔居家隔离,0,2
490,一对夫妻登记结婚，男方叫辛冠，女方叫费妍,0,1
491,新冠肺炎患者治愈后要佩戴14天手环,0,1
492,湖北疫情反弹医疗队暂缓离鄂,0,1
493,中铁十九局发布意大利建方舱医院招工简章,0,1
494,海关不允许携带或寄递口罩出境,0,1
495,首部抗疫剧钟南山饰演者已确定为陈道明,0,1
496,意大利不再给60岁以上的新冠肺炎患者戴呼吸机,0,1
497,哈佛大学校长夫妇确诊新冠肺炎,0,2
498,比尔盖茨发表公开信，称“病毒是伟大的纠错”,0,1
499,武汉市政府不再对新冠肺炎病人免费治疗,1,1
500,日常消毒时所有的消毒剂都能有效杀灭新型冠状病毒,0,0
501,来自斯坦福医院的关于新冠肺炎的十点提醒,0,1
502,如果您有流鼻涕，您只是普通感冒,1,1
503,冠状病毒性肺炎是一种干咳而没有流鼻涕的咳嗽,1,1
504,喝热水对所有病毒都有效，尽量不要喝任何冰镇的水或者饮料,1,1
505,经常漱口可以预防新冠肺炎，简单的温盐水就足够了,1,1
506,即使病毒进入您的口腔，饮用水或其他液体也会通过喉咙和胃部将其冲洗掉，因此要多喝水,1,1
507,喀麦隆机场警察开枪射击感染新冠肺炎的乘客,0,1
508,拥吻照里的意大利医生夫妇，抢救百名病人后感染死亡,0,1
509,中国出口捷克的新冠快速检测试剂错误率80%,0,1
510,西班牙的中国公民可登记信息，撤侨按照登记顺序进行,0,1
511,世界男高音多明戈因新冠肺炎于3月26日去世,0,1
512,英国首相鲍里斯确诊新冠肺炎,0,2
513,成都春季教学安排已正式公布，暑期减少23天,0,1
514,发酵食品，可以提升免疫力、减肥排毒,1,1
515,上海市杨浦区一小区境外输入病例被带走,0,1
516,2020年全国高考延期一个月举行,0,2
517,东京将于4月2日封城,0,1
518,喝柠檬苏打水可以预防新冠肺炎,1,1
519,新型冠状病毒无症状感染者存在传播风险,2,2
520,新型冠状病毒可以通过空气传播,0,0
521,意大利政府将新冠病人尸体丢入万人坑,0,1
522,多地发生入室抢劫案，抢劫犯冒充防疫人员,0,1
523,男子为了不隔离从澳门游泳回珠海,0,1
524,教育部宣布取消2020年6月的英语四六级考试,0,1
525,新加坡总理李显龙确诊感染新冠肺炎,0,1
526,意大利民众因新冠疫情将纸币丢弃于大街,0,1
527,柳絮会携带新冠病毒，从而导致跨区域性传播,1,1
528,病毒惹的祸：美国有很多感染的人绝望跳海了,0,1
529,卡介苗能够抵御新冠病毒,0,0
530,意大利警察当街把65岁以上的老年人都抓了关起来,0,1
531,4月7日起廊坊市恢复机动车限行,0,1
532,意大利女孩确诊新冠肺炎后阳台自杀,0,1
533,停止食用烘焙食品！食用烘焙食品容易感染新冠病毒,1,1
534,美国用最先进的显微镜看到空气中充满病毒,1,1
535,BBC4月7日称英国首相鲍里斯因新冠肺炎去世,0,1
536,张文宏医生自曝收入和全家福,0,1
537,柳州奖励援鄂医疗队员每人一辆汽车,0,1
538,美国新冠肺炎患者跳海自杀导致海盐污染，需要抢盐,0,1
539,湖北省襄阳市当地疑似感染的病人把唾沫吐在电梯按钮上,0,1
540,惠州凯宾斯基酒店有人喝蝙蝠汤,0,1
541,此次新型肺炎病毒传播途径是华南海鲜市场进口的豺—-一种犬科动物携带的病毒,1,1
542,截止1月25日00:00 湖北省最后一座城市襄阳封城,0,1
543,_邑蒋村小伙吴建章，此人在武汉感染后逃离回家,0,1
544,同济应急小组组长进行专业指导,0,1
545,十堰为了不让大家出门，所有路口的红绿灯全调成红灯,0,1
546,从武汉撤回来的日本人，迎接他们的是每个人一台救护车，206人=206台救护车,0,1
547,顺丰快递员拦截N95口罩,0,1
548,黄山歙县有一家人的女婿从武汉回来了几天，一家人隐瞒打工地址，每天还到处打牌,0,1
549,一名武汉男性故意在上海传播病毒,0,1
550,武钢前董事长邓崎琳在香港确诊新冠肺炎,0,1
551,杭州市视频会议刚结束，今晚开始不能回杭州,0,1
552,太仓高速入境查到70个武汉人，入境时测体温的时候逃了,0,1
553,江阴首例病例浴室老板娘和11个男子有来往,0,1
554,宁波北仑高速路口，下高速的全部住帐篷，隔离14天，四周挖沟，东海舰队值守,0,1
555,办过万人宴的武汉百步亭社区，组织的中百超市免费发菜活动，于是看到排队聚集领菜的人群望不到头,0,1
556,武汉因感染被隔离的宝宝，看到医生后求抱抱,0,1
557,2月4日：429死/确诊20471≈2.1%，2月5日：493死/确诊24441≈2.1%神奇的病毒，还是个数学高手,1,1
558,上海普陀区桃浦四村，因为喷酒精消毒，烧起来了,0,1
559,广东汕头潮阳柳岗，一女子不戴口罩被执勤民警拦下，女子情绪激动翻过护栏跳下河里,0,1
560,目前武汉肺炎已经是三代或四代感染，一线医生明显感觉病毒的毒性变弱,1,1
561,乱上街的被抓去体育馆考黄冈密卷,0,1
562,格力电器一班车司机冯某为新冠肺炎密切接触者,0,1
563,在新型冠状病毒肺炎期间执勤人员不让村民出来被杀,0,1
564,外出请不要穿带毛领或绒线的衣服外套，容易吸附病毒,1,1
565,所有被啃噬、机化的肺组织都不会再恢复了，愈后会形成无任何肺功能的瘢痕组织,1,1
566,北仑打麻将被要求抬桌子走10公里处罚,0,1
567,这是台湾刚刚投入生产的口罩机，比数钞机还快,1,1
568,早在2012年9月卫生部就发出预警新型冠状病毒，2012年首次发现的新型冠状病毒感染病例在英国和沙特阿拉伯,1,1
569,女司机因拒绝戴口罩，拖下车时不幸颈椎被拧断而死,0,1
570,同学大年初一（1月25日）被确诊新冠肺炎，治疗陆续花了将近8万元,0,1
571,武汉西马路养老院120个老人全感染了,0,1
572,送到天门的，菜都是好的，真接被基层干部拖去埋了,0,1
573,武汉2月24日签的解封令，解封三个小时出来了一批人，有将近两千人抵达了长沙,0,1
574,内蒙古赤峰一发电厂复工后发生的聚集性疫情,0,1
575,新增丹东1例，据说是国外回来的,0,1
576,西藏桃花节 2020年林芝桃花节将在3月23日开幕,0,1
577,特朗普到华盛_最严重的传染病医院看望医护人员和病人，没有戴口罩,0,1
578,关于中国爆发的新冠病毒的旅行禁令，已经没人搭理,0,1
579,网传美国鬼子也开始抢口罩了！,0,1
580,回国治新冠肺炎，不免费想投诉,0,1
581,女子回国后抗拒隔离大闹医院，民警劝说无果，将其抬走强制医学隔离,0,1
582,美国35艘医疗舰已开赴各沿海港口,0,1
583,英国疫情爆发，黑人区开始骚动,0,1
584,美国疫情爆发，黑人区开始骚动,0,1
585,世界卫生组织专家艾尔沃德说：中国新冠疫情二次爆发将是大概率事件,0,1
586,加拿加总理特鲁多的夫人发了一段自拍视频，她算重症了，挺严重的,0,1
587,富颐国际大酒店成为小镇的境外人员集中隔离点，外卖人员依旧进店内送外卖，隔离人员仍外出采买,0,1
588,广西昨天一天从陆地口岸入境10万+，说是好多华人改道从越南和缅甸入境,0,1
589,加拿大竟然说阿里巴巴捐给他们的口罩不符合标准,0,1
590,马云向加拿大捐赠口罩，反遭渥太华百般羞辱，已终止所有出口渠道,0,1
591,重庆某人不配合隔离还和警察发生纠纷,0,1
592,广州三元里附近的瑶台村，封闭14天,0,1
593,一个尼日利亚人带毒在社区生活了13天没有任何隔离措施,0,1
594,广州可能要建方舱医院,0,1
595,俄罗斯150万中国人被驱逐，将从绥，黑，抚远三个口岸回国,0,1
596,武汉大智路数码港有无症状新冠肺炎患者倒地,0,1
597,5G是新冠病毒的元凶，没有5G就不会爆发疫情,1,1
598,张文宏说武汉已经实现群体免疫,1,1
599,伊维菌素可以治疗新冠肺炎,1,1
600,剑桥研究可确定病毒有三个版本，原始版本美澳更常见,0,0
601,氯喹和羟氯喹可以有效治疗新冠肺炎,0,0
602,无症状感染者是新冠病毒后期的特征,1,1
603,特朗普请巫师到白宫施法以驱除新冠病毒,0,1
604,长期高浓度使用84消毒液，可能导致过敏性肺泡炎,2,2
605,美国基于唾液的新冠病毒检测方法准确率100%,0,0
606,比尔·盖茨利用新冠疫情控制人口，完成人类清除计划,1,1
607,有论文证明新冠病毒可以通过鞋底传播4米,1,1
608,北京西站出现大量白衣人，意味着北京疫情大爆发,1,1
609,北京市教委确认幼升小以及小升初预计推迟至今年七月,0,1
610,美国纽约大量青壮年一发病就上呼吸机，是ADE导致,1,1
611,4月20日北京市朝阳区被列为疫情高风险地区,0,2
612,美国纽约殡葬公司员工累倒午睡，被同事误当尸体火化,0,1
613,组合用羟氯喹阿奇霉素和硫酸锌能有效治疗新冠肺炎,0,0
614,钟南山说过“五月份疫情将全面爆发”,1,1
615,新冠肺炎的R0是5.7，高于常见的流行病,0,0
616,脚上起“水痘”、失去嗅觉和味觉，是新冠新症状,0,0
617,商务部对外贸易司指定5家企业生产出口医疗物资,0,1
618,全国31省市摘口罩时间表公布,0,1
619,王辰院士表示中国已决定实行“群体免疫”,0,1
620,英国新冠疫苗人体试验先行者Elisa已死亡,0,1
621,儿童佩戴N95口罩可能会造成不可逆伤害,2,2
622,吸烟者可能较易感染新型冠状病毒,2,2
623,已有抗体的新冠肺炎治愈者不会再次感染,0,0
624,泰国猫咪疫情期间违反外出禁令被捕，“罪犯照”流出,0,1
625,世界卫生组织5月1日重申新冠病毒源自自然界,2,2
626,日本诺奖得主本庶佑称新冠病毒是中国实验室制造,1,1
627,印度使用挖掘机活埋新冠病毒感染者,0,1
628,羊驼抗体能够消灭新型冠状病毒,0,0
629,新冠病毒可以通过性行为传播,0,0
630,初中生跑步时因为戴口罩导致猝死,0,0
631,新冠肺炎“复阳”患者几乎不具备传染性,2,2
632,印度完了！印度新冠病人在街头突然倒地,0,1
633,黑龙江省规定疫情期间乘电梯要背对背,0,1
634,荷兰以色列已开发出能使新冠病毒失效阻断感染的抗体,1,1
635,新冠抗体重大突破，100%抑制病毒，4天内清除,1,1
636,患普通感冒有助于抗新冠病毒,0,0
637,疫情期间杭州给外籍人士发5000元疫情补助,0,1
638,陈薇院士团队研制的新冠疫苗有望在泰邦生物大量生产,1,1
639,咽拭子阳性的受检者就是新冠肺炎确诊病例,1,0
640,三文鱼感染新冠病毒并传播给人的可能性几乎为0,2,2
641,男性比女性更容易感染新冠肺炎,0,0
642,6月15日0时起暂停外国人入境,0,0
643,微信支付宝锁定35万人进行病毒筛查,0,1
644,钟南山院士告诫端午节前不要出门,1,1
645,新发地病毒与欧洲毒株相似，说明病毒来自欧洲,0,0
646,北京新发地市场几万人被运送到河北唐山隔离,0,1
647,6月16日北京多条高速公路双向封闭,0,1
648,李兰娟提醒北京疫情可能全面爆发,0,1
649,地塞米松是治疗新冠肺炎的特效药,0,0
650,为疫情防控，84岁钟南山院士空降北京,0,1
651,抗新冠病毒高免牛奶研发成功，可用于预防和辅助治疗,1,1
652,此次北京新增确诊患者的治疗费用需自理,1,1
653,李兰娟说“零下20℃，新冠病毒可存活20年”,1,1
654,百事公司员工确诊新冠肺炎，乐事薯片不能吃了,0,1
655,印度研制出纳米喷雾，喷一喷物体表面90天不沾病毒,0,0
656,鄂牌车车主因新冠肺炎去世未挪车,0,1
657,核酸检测前不能喝酒,1,0
658,安徽大爷无健康码，徒步千里到浙江打工,0,0
659,意大利从废水中检测出新冠病毒说明水会传播新冠病毒,1,1
660,德约科维奇新冠病毒检测呈阳性,0,2
661,北京市民路过中高风险地区健康码会变色,0,1
662,约基奇新冠病毒检测呈阳性,0,2
663,点外卖感染新冠病毒的可能性极低,2,2
664,希腊红灯区重开后嫖客只能在房间呆15分钟,0,1
665,北京大部分银行因疫情将停业一周,0,1
666,新发地牛羊肉综合大楼确诊102例，所以牛羊肉不能吃,1,1
667,因疫情原因，中国驻纳米比亚使馆组织包机回国,0,1
668,新冠病毒已变异，武汉又有几十人中招,0,1
669,北京石景山万达现核酸阳性人员,0,2
670,福建出现染上新型冠状病毒的牛,1,1
671,北京低风险地区出京取消核酸证明,0,2
672,新冠病毒G614突变株的感染效率提高9倍以上,0,0
673,钟南山代言“吸氢疗法治新冠肺炎”,1,1
674,西班牙从2019年3月的废水检出新冠病毒相关研究漏洞大,2,2
675,新冠病毒早已藏在世界各地，处于休眠状态,0,0
676,健康宝头像框变红表明核酸检测异常,0,1
677,新冠抗体在人体只能持续几周时间,0,0
678,乌鲁木齐新冠疫情由哈萨克斯坦入境者引起,0,1
679,新冠疫情使巴西的死亡率不增反降,1,1
680,钟南山院士已抵达新疆乌鲁木齐抗击疫情,0,1
681,新冠恐怖后遗症出现！每个患者都会出现可怕血栓！,1,1
682,美国新冠感染数字造假，往大了编,0,1
683,云南吃野生菌中毒死亡人数已超当地新冠死亡人数,0,2
684,又有一种新型病毒在武汉传播,1,1
685,大连新冠疫情与北京新疆疫情有关联,0,1
686,研究发现高个子感染新冠病毒的风险更大,0,0
687,日本流行的新冠病毒株已发生重大突变,1,1
688,新冠疫苗对BMI大于30的人无效,0,0
689,水是新冠病毒的重大弱点,1,1
690,新冠灭活疫苗已开卖，498元一支，总共打3支,1,1
691,新冠病毒会感染中耳组织,0,0
692,普京女儿注射疫苗后高烧不治身亡,0,1
693,大数据显示，新冠并没有造成更多人死亡,1,1
694,印度卫生部长检查基层防疫，不戴口罩者直接扇嘴巴,0,1
695,香港新冠“二次感染”病例意味着群体免疫可能无效,2,2
696,警犬能够准确闻出感染新冠的人,0,0
697,人类可能无法对新冠病毒获得持久的免疫保护,2,2
698,新冠死者平均只损失了几个月的寿命,1,1
699,新冠肺炎男性患者的死亡率更高,0,2
700,9月13日全国新增49名新冠确诊病例，分布多省市,0,1
701,荷兰水貂把新冠病毒传人说明水貂是中间宿主,0,0
702,国庆去青岛旅游健康码会变色,0,1
703,特朗普夫妇确诊新冠肺炎,0,2
704,参加第三届进博会的所有外国人不用隔离14天,0,1
705,钟南山10月12日抵达青岛协助疫情防控工作,0,1
706,昆山一台湾籍员工国庆赴青岛旅游回台确诊,0,1
707,十一期间武汉_口区有一千多人去过青岛,0,1
708,烟台新增无症状感染者共追踪到密接者26350人,0,1
709,山大齐鲁医院开会，“抗疫”打成“抗议”____,0,1
710,成都青白江区10月底开展全员核酸检测,0,1
711,上海11月2日又启动公共卫生事件一级响应,0,1
712,乙肝携带者会影响新冠抗体检测结果,0,0
713,11月9日上海飞拉萨航班全机隔离,0,1
714,研究发现两成新冠患者会在3个月内患上精神病,1,0
715,新冠疫苗的有效率一定要到90%才靠谱,1,1
716,新冠病毒去年2019年9月就已经在意大利流行,0,0
717,新冠特效药已面世，2天病毒就消失,1,1
718,成都确诊新冠肺炎女子照片曝光,0,1
719,打新冠疫苗会导致女性不育,1,1
720,辉瑞新冠疫苗会致人面瘫,0,0
721,北京市委市政府紧急通知，宣布进入“战时”状态,0,1
722,辉瑞疫苗对亚裔有效率不足,1,1
723,钟南山和2500医护人员抵达大连抗击疫情,0,1
724,钟南山院士抵达石家庄抗击疫情,0,1
725,视频：广东省人民医院乔贵宾称茶水可以杀死新冠病毒,1,1
726,石家庄藁城区外国人聚集做核酸检测,0,1
727,接种了mRNA疫苗就会变成转基因人,1,1
728,东京奥运会将于1月18日宣布取消,0,1
729,憋气30秒可以测试肺部是否健康,1,1
730,感染新冠可以“以毒攻毒”治疗癌症,1,1
731,1月15日全国各地陆续封城，“封城时间表”流出,0,1
732,“新冠疫苗已开放预约，名额有限”短信系诈骗,2,2
733,辉瑞新冠疫苗的有效率29％仅为假设,2,2
734,意大利发现最早人类感染新冠病毒病例,0,0
735,视频曝光：上海肿瘤医院确诊新冠员工在电梯强吻他人,0,1
736,进口车厘子检出新冠阳性所以车厘子不能吃了,1,1
737,八分之一新冠康复者会在140内死亡,1,1
738,世界卫生组织不建议接种莫德纳新冠疫苗,0,1
739,加拿大科学家发现秋水仙碱是新冠救命药,0,0
740,新冠病毒E484K“逃逸突变”已让疫苗完全失效,1,1
741,纽约华裔新冠死亡率第一,0,1
742,西班牙养老院因接种新冠疫苗导致全体阳性,0,1
743,比尔·盖茨雇替身打新冠疫苗,0,1
744,肿瘤患者不建议接种新冠疫苗,2,2
745,一份来自隔离医院的居家药物清单,0,1
746,VC、VE可以防治新冠肺炎,1,1
747,冠状病毒的酸碱度从5.5到8.5不等，要战胜病毒需要食用比该病毒碱性更高的食物,1,1
748,迅速将温开水与柠檬一起喝，多喝水能阻止病毒进入呼吸道，而进入胃部的病毒会被胃酸杀死,1,1
749,智能手表可以直接检测出新冠患者,1,1
750,甲型流感病毒会使新冠病毒更容易感染人,2,2
751,20%新冠男康复者精液中完全无精子，失去生育能力,1,1
752,尼帕病毒是下一个全球大流行病毒，比新冠危险75倍,0,0
753,法国的新冠变异株能逃避核酸检测,1,1
754,来自意大利的“真相”：“新冠”不是病毒，而是细菌,1,1
755,冠状病毒由病毒包膜上有向四周伸出的突起，形如花冠而得名,2,
756,冠状病毒大部分感染动物,2,
757,果子狸、蝙蝠、竹鼠、獾是冠状病毒的常见宿主,2,
758,不要吃未经检疫的野生动物、生鲜等食品,2,
759,许多冠状病毒的天然宿主都是蝙蝠,2,
760,冠状病毒由动物到人、人与人的路径：接触传播和飞沫传播,2,
761,冠状病毒对热敏感,2,
762,56度30分钟可以有效灭活冠状病毒,2,
763,乙醚可以有效灭活冠状病毒,2,
764,含氯消毒剂可以有效灭活冠状病毒,2,
765,过氧乙酸可以有效灭活冠状病毒,2,
766,氯仿可以有效灭活冠状病毒,2,
767,氯已定不能有效灭活冠状病毒,2,
768,冠状病毒主要感染成人或较大儿童,2,
769,冠状病毒可以引起普通感冒和咽喉炎，某些毒株可以引起成人腹泻,2,
770,冠状病毒可以通过飞沫传播,2,
771,冠状病毒可以通过粪口传播,2,
772,冠状病毒主要在冬春季流行，疾病的潜伏期平均3-7天,2,
773,新冠病毒的高危型低于SARS病毒,2,
774,新冠患者病后免疫力不强，不能防御同类型病毒的再感染,2,
775,导致急性呼吸道疾病的最常见病原体是病毒，或者细菌-病毒混合感染,2,
776,新型病原体导致的急性呼吸道疾病可能引发流行或大流行,2,
777,急性呼吸道疾病患者咳嗽、打喷嚏时应该用手或者其他布料掩住口鼻,2,
778,接触呼吸道分泌物后，应该立即执行手卫生，勤洗手,2,
779,新冠肺炎在免疫功能低下和免疫功能正常人群均可发生，与接触病毒的量有一定关系,2,
780,新冠病毒对于免疫功能较差的人群，病情进展相对更快，严重程度更高,2,
781,如果一次接触大量病毒，即使是免疫功能正常的人也能感染患病,2,
782,飞沫可以通过一定的距离进入易感的粘膜表面,2,
783,由于飞沫颗粒较大，飞沫不会长期悬浮在空气中,2,
784,咳嗽、打喷嚏或说话都可以产生飞沫,2,
785,新冠肺炎的潜伏期平均为7天左右，短的在2-3天，长的10-12天,2,
786,新冠肺炎起病以发热为主要表现，可合并轻度干咳、乏力、呼吸不畅、腹泻等症状，流涕、咳痰等症状少见,2,
787,部分新冠患者起病症状轻微，可无发热,2,
788,多数新冠患者预后良好，少数患者病情危重，甚至死亡,2,
789,正确洗手是预防腹泻和呼吸道感染的最有效措施之一,2,
790,即使在发生疫情的地区，如果肉食在食品制备过程中予以彻底烹饪和妥善处理，也可以安全食用,2,
791,抽烟喝酒会降低人体免疫力,2,
792,心理平衡可以提交人体免疫力,2,
793,避免在未加防护的情况下雨农场牲畜或野生动物接触,2,
794,在人多的地方戴口罩,2,
795,尽量避免到人多拥挤和空间密闭的场所去,2,
796,居家多通风换气并保持整洁卫生,2,
797,接触动物和动物产品后，用肥皂和清水洗手,2,
798,口罩的作用是阻挡病毒传播的载体，而非直接阻挡病毒,2,
799,不一定非要戴KN95或N95口罩，一般的外科口罩也可阻挡大部分粘在飞沫上的病毒进入呼吸道,2,
800,新冠病毒不耐酸不耐碱，并且对有机溶液和消毒剂敏感,2,
801,不管是哪种类型的口罩，防护效果都是有限的，一定要定期更换,2,
802,如果口罩被分泌物弄湿或弄脏，必须立即更换,2,
803,超级传播者往往是高龄体质弱的人,2,
804,超级传播者往往存在其他基础疾病,2,
805,超级传播者为数不多，但传染性强，是疫情的主要传播者,2,
806,超级传播者可以被称为毒王,2,
807,毒王的第二层含义是传播者感染的病例通常出现重症，甚至多有死亡,2,
808,板蓝根适用于治疗风热感冒等热性疾病的治疗，对冠状病毒是无效的,2,
809,熏醋所含醋酸本身浓度很低，达不到消毒效果,2,
810,冠状病毒对紫外线和热敏感 ,2,
811,在潜伏期即有传染性，发病后 5 天内传染性较强,2,
812,经呼吸道飞沫和密切接触传播是新冠病毒主要的传播途径 ,2,
813,接触病 毒污染的物品也可造成新冠病毒感染 ,2,
814,新冠病毒在相对封闭的环境中长时间暴露于高浓度气溶胶情况下存在经气溶胶传播的可能,2,
815,部分新冠患者以嗅觉、味觉减退或丧失等为首发症状,2,
816,少数新冠患者伴有鼻塞、流涕、咽痛、结膜炎、肌痛和腹泻等症状,2,
817,重型、危重型新冠患者病程中可为中低热，甚至无明显发热,2,
818,轻型新冠患者无肺炎表现,2,
819,体质指数大于30的肥胖人群是新冠肺炎重型高危人群,2,
820,晚期妊娠和围产期女性是新冠肺炎重型高危人群,2,
821,重度吸烟者是新冠肺炎重型高危人群,2,
822,不推荐单独使用洛匹那韦/利托那韦和利巴韦林 ,2,
823,不推荐使用羟氯喹或联合使用阿奇霉素 ,2,
824,无症状感染者是指人已经感染了病毒，但无临床症状的患者,2,
825,无症状感 染者也可能成为传染源,2,
826,新冠病毒传染源主要是新型冠状病毒感染的患者,2,
827,距离小于 1 米的人际接触，常可吸入对方喷出的飞沫,2,
828,医护人员在对患者进行吸痰操作、支气管镜检查或气管插管可能吸入患者喷出或咳出的飞沫,2,
829,医护人员在给患者翻身、拍背或进行心肺复苏时可能吸入患者喷出或咳出的飞沫,2,
830,手在触摸被病菌污染的物品或器具后，通过揉眼、挖鼻等会使皮肤和黏膜沾染病菌,2,
831,每天早中 晚均应开窗通风，每次通风不低于 15 分钟,2,
832,超市购物时，选用一次性医用口罩就可以了,2,
833,在人员密集的公共场所工作，可佩戴医用外科口罩,2,
834,N95/KN95 及以上标准的颗粒物防护口罩，主要供一线疫情防控人员使用，普通公众没必要使用此类口罩,2,
835,口罩专人专用，人员间不能交叉使用,2,
836,高风险人员在结束工作、中途进餐（饮水）、入厕 等脱下防护装置后，重新进入需更换,2,
837,较高风险人员在接诊高度疑似患者后需更换,2,
838,低风险类别暴露人员佩戴的口罩可反复多次使用,2,
839,口罩佩戴前按规程洗手，佩戴时避免接触口罩内侧,2,
840,口罩有异味时需及时更换,2,
841,口罩变形时需及时更换,2,
842,如需再次使用的口罩，可悬挂在洁净、干燥通风处,2,
843,将需再次使用的口罩放置在清洁、透气的纸袋中,2,
844,医用标准防护口罩不能清洗，也不可使用消毒剂、加热等 方法进行消毒,2,
845,健康人群使用后的口罩，按照生活垃圾分类的要求处理即可,2,
846,居家医学观察者使用过的口罩可能会含有病菌，建议用含 氯消毒剂消毒后，用塑料袋封装，投入垃圾桶,2,
847,疑似病例或确诊病例佩戴的口罩，应视作医疗废弃物，严 格按照医疗废弃物有关流程处理,2,
848,不建议儿童佩戴具有密合性要求的成人口罩,2,
849,正确洗手是指使用流动水和肥皂或洗手液洗手，每次洗手应 揉搓 20 秒以上,2,
850,不方便洗手时，可以使用含酒精成分的免洗洗手液 进行手部清洁,2,
851,外出归来应及时洗手,2,
852,戴口罩前及摘口罩后应及时洗手,2,
853,接触过泪液、鼻涕、痰液和唾液后应及时洗手,2,
854,不建议以免洗的手部消毒液作为常规的手部清洁手段，只是在没有条件用水和肥皂洗手的时候使用,2,
855,要用流动的清水洗手,2,
856,在路上时，人与人之间尽可能保持距离,2,
857,1岁以下婴儿不宜佩戴口罩，以被动防护为主,2,
858,在通风良好、人员密度低的户外场所/场地，可不佩戴口罩,2,
859,含氯消毒 剂有一定腐蚀性，达到消毒时间后，需要用清水擦拭,2,
860,尽量不要用手直接触碰电梯按钮,2,
861,乘坐公交车、地铁出行，必须全程正确佩戴口罩,2,
862,倡导骑自行车出行，要与其他行人保持适当距离,2,
863,建议步行、骑行或乘坐私家车上下班,2,
864,一次性使用手套不可重复使用,2,
865,多人办公时要佩戴一次性使用医用口罩,2,
866,使用医用酒精消毒时注意防范明火,2,
867,避免乘坐地铁、公共汽车等公共交通工具,2,
868,口罩应该盖住自己的鼻子，嘴和下巴,2,
869,不应要求5岁及5岁以下儿童戴口罩,2,
870,12岁及12岁以上儿童应佩戴口罩，其佩戴口罩的条件与成年人相同,2,
871,通常身体良好的儿童可以佩戴非医用口罩或织物口罩,2,
872,儿童在做体育运动或体力活动时，不应戴口罩，以免影响呼吸,2,
873,面罩在防止将病毒传给他人方面不能提供与口罩同等保护,2,
874,面罩应覆盖整个面部，环绕脸部两侧，并延伸到下巴下方,2,
875,口罩可用于保护健康者，也可用于防止感染者继续传播,2,
876,佩戴口罩时，仍应尽可能与他人保持身体距离,2,
877,在从事剧烈体力活动时也不应戴口罩，因为戴口罩可能会降低呼吸能力,2,
878,带呼气阀的口罩无法有效防止新冠病毒或呼吸系统任何其他病毒的传播,2,
879,不要把口罩挂在手臂或手腕上,2,
880,不要把口罩拉下来放在下巴或脖子上,2,
881,有咳嗽、头痛、轻微发烧等轻微症状，应待在家中，自我隔离，直至痊愈,2,
882,常洗手比戴橡胶手套更能防止染上新冠状病毒,2,
883,在公共场合戴橡胶手套不能有效防止新冠状病毒感染,2,
884,出现新冠肺炎症状的人中，大多数（约80%）不需要住院治疗就能康复,2,
885,任何年龄的任何人都可能因新冠病毒而生病、病重或者死亡,2,
886,抗生素不应作为预防或治疗新冠肺炎的手段,2,
887,感染者无论是否有症状，都可能具有传染性，将病毒传给他人,2,
888,实验室数据表明，感染者似乎在症状出现前（症状出现之前2天）和发病早期最具传染性,2,
889,现有研究表明，吸烟者出现新冠肺炎重症结果和死亡的风险更高,2,
890,目前没有证据表明人们可以从食物，包括从水果和蔬菜中感染新冠病毒,2,
891,冠状病毒需要活的动物或人类宿主来繁殖和存活，不能在食品包装表面繁殖,2,
892,对于肉类、家禽和鸡蛋等食物，要彻底煮熟，温度至少达到70度,2,
893,没有任何单一的食物能防止你感染新冠病毒,2,
894,目前没有证据支持使用草药茶或草药补充剂来预防或治愈新冠病毒,2,
895,目前没有证据支持使用益生菌来帮助预防或治疗新冠病毒,2,
896,目前没有关于使用微量营养素补充剂来预防健康者感染新冠病毒或治疗新冠病毒的指导,2,
897,没有证据表明吃生姜可以保护人们不感染新冠病毒,2,
898,没有证据表明吃大蒜可以保护人们不感染新冠病毒,2,
899,没有证据表明在食物中加入辣椒可以预防或治愈新冠病毒,2,
900,没有证据表明食用动物可能向人类传播新冠病毒，或者食用动物可能被人类感染,2,
901,如果发烧、咳嗽和呼吸困难，请不要锻炼,2,
902,没有证据表明新冠病毒通过精液或阴道液体传播,2,
903,手淫则不涉及其他人，也没有感染新冠病毒的风险,2,
904,由于新冠状病毒，跟人打招呼时应该避免握手,2,
905,新型冠状病毒具有人传人的特性,2,
906,患有糖尿病的人，感染病毒后有发展为重症的倾向,2,
907,患有慢性肺部疾病的人，感染病毒后有发展为重症的倾向,2,
908,潜伏期即指从病毒侵入体内到开始显现症状为止的期间,2,
909,咳嗽、打喷嚏的飞沫可飞散到1.5-2米的距离,2,
910,有咳嗽症状的 时候，请务必戴口罩,2,
911,口罩要贴合鼻子的形状，不留缝隙,2,
912,使用漂白剂（次氯酸钠水溶液）进行擦拭的时候，被擦拭的地方容易发生腐蚀,2,
913,将出现感染症状的家庭（成员），安置于有窗户、可以通风换气的房间,2,
914,与出现感染症状的家庭（成员），尽可能将居住房间分开,2,
915,飞沫传播只能波及近距离的密切接触者,2,
916,直接接触病人分泌物或间接接触被病毒污染的物品会造成新冠病毒传播,2,
917,新冠肺炎重症病例多在 1 周后出现呼吸困难,2,
918,新型冠状病毒与SARS病毒同属于冠状病毒家族，但基因结构存在差异,2,
919,如出现发热、乏力、干咳表现，并不意味着已经感染新冠病毒,2,
920,服用抗菌药不能预防新型冠状病毒肺炎,2,
921,错误使用抗菌药会增加耐药风险,2,
922,不建议健康人群服用中药预防新型冠状病毒肺炎,2,
923,目前没有证据显示狗猫等宠物会感染 2019 冠状病毒,2,
924,口罩是指戴在口鼻部用于过滤进出口鼻的空气，以达到阻挡有害气体、粉尘、飞沫进出 佩戴者口鼻的用具,2,
925,居家室内活动、空旷户外活动者，通风良好工作场所工作者可戴非医用口罩,2,
926,非医用口罩具有一定防护效果，也有降低咳嗽、打喷嚏和说话等产生的飞沫播散的作用,2,
927,在没有接触过病人或可疑感染者的情况下，可以根据清洁程度适度延长口罩使用时间,2,
928,戴上与摘掉口罩时避免接触口罩内侧,2,
929,居家隔离的目的在于通过物理上的隔绝，阻止病人在社会上滞留与传播，避免形成二代 和三代病例,2,
930,当存在大量无症状的密切接触者或潜在病人的时候，居家隔离应该作为一个重要的选择,2,
931,酒精是易燃物品，应远离火源及易燃物，并且不可喷洒或大面积消毒,2,
932,使用含氯消毒剂时需注意配置方法、稀释比例,2,
933,避免含氯消毒剂与其他消毒剂混用,2,
934,含氯消毒剂与其他消毒剂混用可能产生大量有毒气体,2,
935,耐热物品消毒 可采用煮沸 15 分钟的方法进行消毒,2,
936,注意消毒方 式和消毒时间，不可过量使用消毒剂,2,
937,在非疫区空旷人少或通风良好的 户外，可进行一些户外身体活动,2,
938,如未与病人接触， 外套表面残留病毒污染物的可能性小,2,
939,疫情期间搭乘电梯要戴口罩,2,
940,人冠状病毒在4度合适维持液中中等稳定，-60度可以保存数年,2,
941,新冠肺炎可以治愈，多数患者预后良好,2,
942,棉纱口罩可清洗消毒,2,
943,洗手时应认真揉搓双手至少15秒,2,
944,脱掉手套后，需要彻底清洗手部,2,
945,家庭成员建议不共用毛巾,2,
946,如需开展居家隔离医学观察，家人均应佩戴一次性使用医用口罩或医用外科口罩,2,
947,如家庭成员确诊为新冠肺炎，其住所、生活用品、衣物、餐具等，均需要终末消毒后才能使用,2,
948,普通家庭无需消毒,2,
949,服用抗生素不仅没有预防和治疗新冠肺炎的效果，反而可能发生药物不良反应,2,
950,就医用口罩而言，只要正确佩戴合格产品，只需一个就能达到预期防护效果,2,
951,多层叠戴不能增加医用口罩的防护效果,2,
952,口罩防护的关键指标是气密性,2,
953,建议切割生食和熟实所用刀具、案板固定且分开使用,2,
954,轻症患者虽不需住院治疗,2,
955,判断人体是否感染了新冠病毒，常用的检测方法试核酸检测和血清学抗体检测,2,
956,核酸检测主要是检测鼻咽拭子、咽拭子、痰液等标本中是否有新冠病毒核酸,2,
957,血清学抗体检测主要检测血清中针对新冠病毒的特异性抗体,2,
958,核酸检测阳性代表感染了新冠病毒,2,
959,血清学抗体检测阳性提示被检查者处于恢复期，或者曾经感染过，或者接种过疫苗,2,
960,血清学抗体检测结果需要配合核酸检测结果作出综合分析,2,
961,新冠肺炎患者出院后，极小部分患者出现核酸复阳性的情况,2,
962,目前尚未发现核酸复阳者具有传染他人的现象,2,
963,目前尚未发现核酸复阳者病情加重的情况,2,
964,新冠肺炎不同于普通的感冒和流感,2,
965,新冠病毒感染者中大多数人会出现肺炎,2,
966,新冠肺炎重症比例高于流感,2,
967,新冠病毒的传染性比流感强,2,
968,新冠肺炎的流行没有明显的季节性,2,
969,应注意新冠病毒对环境污染造成接触传播或气溶胶传播的可能,2,
970,与新冠肺炎患者、疑似患者、无症状感染者发生无有效防的接触后均需隔离观察14天,2,
971,建议推行分餐制，使用公勺公筷,2,
972,区分口罩正反面，不能两面戴,2,
973,不能与他人混用或共同用口罩,2,
974,如佩戴口罩感觉胸闷气短等不适时，应立即前往户外开放场所，摘除口罩,2,
975,不建议清洗或使用消毒剂、加热等方法对一次洗医用口罩和医用外科口罩进行消毒后使用,2,
976,非独立包装的口罩可存放在一次性使用食品袋中,2,
977,保持手的清洁卫生可以有效降低患呼吸道传染病的风险,2,
978,外出不方便洗手时，可选用含75%酒精的消毒剂进行手部清洁,2,
979,公共场所一旦有病毒感染者，在没有有效防护的情况下，很容易造成人与人之间的传播,2,
980,空气流动性差的公共场所病毒传播的风险更大,2,
981,室内环境密闭，容易造成病菌滋生繁殖，增加人体感染疾病的风险,2,
982,勤开窗通风可有效减少室内致病微生物和其他污染物的含量,2,
983,阳光中的紫外线有杀菌的作用,2,
984,保持社交安全距离不仅能降低新冠肺炎等呼吸道传染病传播的风险，也是文明礼仪的体现,2,
985,在加工、运输、储藏等过程中，食品表面或外包装上可能被细菌、病毒污染,2,
986,许多野生动物带有多种病毒，如果人类与之接触，就有可能将病毒传播给人类,2,
987,家人经常接触的公共物品表面要经常用干净的湿毛巾擦拭或清洗，一般不需要消毒,2,
988,家庭一般选用含氯消毒剂和含醇消毒剂进行擦拭消毒，作用30分钟后再用清水擦拭干净,2,
989,含氯消毒剂对金属有腐蚀作用，对织物有漂白、褪色作用,2,
990,含醇消毒剂主要用于手和皮肤消毒,2,
991,严禁不同种类的消毒剂同时使用或混合使用,2,
992,酒精不能用于空气消毒，以免引起火灾,2,
993,使用酒精时应远离高温物体和明火，不要吸烟,2,
994,含氯消毒剂要与冷水稀释，现配现用,2,
995,含氯消毒剂不能与酸性物质混合,2,
996,含氯消毒剂有腐蚀性，不能直接接触皮肤，使用时应戴橡胶手套,2,
997,尽量选择楼梯步行,2,
998,尽量选择扫码支付等非接触方式付费,2,
999,如果咳嗽、打喷嚏时用手遮掩，需用及时洗手,2,
1000,乘坐电梯时，应优先选择使用扶梯,2,
1001,在购买冷冻食品时，尽量避免直接用手触碰,2,
1002,食品加工前要认真清洗，清洗时不要在水龙头下直接冲洗冷冻食品，防止水花飞溅污染,2,
1003,不要带病上班,2,
1004,不要用嘴尝试或将食物咀嚼后喂给孩子,2,
1005,食用一些野生动物，有可能导致冠状病毒跨物种传播，引发人类疾病,2,
1006,新冠病毒究竟通过何种动物媒介传染给人，仍有待进一步研究,2,
1007,密切接触者居家医学观察期间应避免使用中央空调,2,
1008,密切接触者居家医学观察期间在隔离房间内活动可以不戴口罩,2,
1009,用洗衣机清洗密切接触者的衣物床单时，建议用60-90度的水和普通家用洗衣液清洗,2,
1010,存在虽然没有症状，但核酸检测是阳性的无症状感染者,2,
1011,不随地吐痰，口鼻分泌物应用纸巾包好，弃置于有盖垃圾箱内,2,
1012,医用外科口罩应颜色深的一面向外，有鼻夹的一边向上佩戴,2,
1013,KN95(N95)口罩应有标识的一面向外，有金属条的一边向上佩戴,2,
1014,KN95(N95)口罩在继续使用时，取下口罩后应对折放入专用塑料嗲中，并放入干燥剂保持干燥,2,
1015,无论是哪种口罩，每次佩戴后均需要进行气密性检查,2,
1016,在进行口罩气密性检查时，如果不能密合，需要更换口罩型号,2,
1017,儿童在佩戴口罩过程中感觉不适，应及时调整或停止使用,2,
1018,洗手时应确保手心、手指、手背、指缝、指甲缝、手腕等处均被清洗干净,2,
1019,洗手时如果没有自来水，可用水盆、水壶等器具盛水，把水倒出来，形成流动水来冲洗双手,2,
1020,产妇在喂奶前要洗净双手,2,
1021,消毒是切断传染病传播途径重要措施之一,2,
1022,常用的含氯消毒剂的浓度为250-300mg/L,2,
1023,尽量减少到人员密集的公共场所活动,2,
1024,手在接触公共物品或公共设施之后，避免直接接触口眼鼻,2,
1025,饭前便后应及时洗手,2,
1026,出行前若无可疑症状，可正常出行,2,
1027,保持手卫生，乘车时推荐戴手套,2,
1028,新冠病毒可以在气候炎热潮湿的地区传播,2,
1029,低温和冰雪不能杀死新型冠状病毒,2,
1030,没有任何信息或证据表明蚊子可能传播新型冠状病毒,2,
1031,大多数患者都能痊愈，体内不再有此病毒,2,
1032,晒太阳或在高于25摄氏度的温度下并不能预防新冠肺炎,2,
1033,能够屏住呼吸10秒或更长时间而不咳嗽或感到不适，并不意味着没有患新冠肺炎或任何其他肺部疾病,2,
1034,饮酒并不能保护您免受COVID-19侵害，反而可能会带来危害,2,
1035,洗热水澡并不能预防新冠肺炎,2,
1036,干手器不能有效杀死新型冠状病毒,2,
1037,紫外线灯不应用于手部或其他皮肤部位的消毒，因为紫外线辐射会导致红斑（皮肤过敏）,2,
1038,体温扫描仪在检测因感染新型冠状病毒而发烧的人方面是有效的,2,
1039,新冠肺炎感染者需要2-10天的时间才会生病和发烧,2,
1040,全身喷洒酒精或氯不会杀死已经进入体内的病毒,2,
1041,喷洒酒精或氯可能对衣服或粘膜（即眼睛、口腔）有害,2,
1042,肺炎疫苗不能预防新型冠状病毒,2,
1043,新型冠状病毒是新的病毒，需要有专门疫苗,2,
1044,经常清洗鼻子并不能预防呼吸道感染,2,
1045,新冠病毒与SARS和MERS病毒接近，但不完全一样,2,
1046,新冠病毒在从蝙蝠到人的传染过程中很可能存在未知的中间宿主媒介,2,
1047,人群缺少对变异病毒株的免疫力，所以可引起新冠肺炎的流行,2,
1048,冬季受气候和人口流动等因素的影响，易发生呼吸道传染病的局部大爆发,2,
1049,新冠肺炎应在具备有效隔离条件和防护条件的医院隔离治疗,2,
1050,运送新冠肺炎患者应使用专用车辆,2,
1051,处理生食和熟食之间要洗手,2,
1052,传染病流行期间，尽量避免去影剧院,2,
1053,传染病流行季节应尽量避免各类聚会,2,
1054,如果已经感染新冠病毒但尚未发烧，则无法被体温扫描仪检测到,2,
1055,因新冠病毒住院，可能会接受抗生素治疗，因为有可能同时感染细菌,2,